,id,text
0,1535550523398443015,social canon
1,1535550357832540162,20XX
2,1535549338687918081,canon
3,1535549316281929728,20XX
4,1535549263668649984,gn king
5,1535548834079657984,aloha
6,1535548780535173120,best fake cryptic cube
7,1535548486006939648,âœ¨
8,1535548397158969344,close your door
9,1535548320390688768,20XX
10,1535547229070495744,Seth Levine
11,1535547131645157376,what is your name
12,1535547106928209921,aloha
13,1535547052188307456,ğŸ¤¯
14,1535546957107560448,the game only a human could randomly make up so far
15,1535546857148928000,comedy
16,1535546828988379137,you gotta learn to take a joke
17,1535546540235685888,mic drop
18,1535546349441015814,ggs
19,1535546348589633536,being the best cryptic crossword writer on accident
20,1535546310782091264,youâ€™re looking at it buddy
21,1535546254511329280,my brother is a great role model
22,1535546206415335424,kindred spirit
23,1535546193844899840,a random canon name
24,1535546065209806850,just go to bed a little earlier than yesterday
25,1535546057760776192,Joshua Levine
26,1535546009933127684,humanity
27,1535545881692237825,fake cryptic clues
28,1535545827782819840,smartest bot in the 20XX discord so far
29,1535545708844941312,my brother is the first
30,1535544581885833217,what is a cryptic crossword
31,1535544508640681990,give me a second to take a placebo
32,1535544311361654784,not
33,1535544279702986752,fake cryptic clues
34,1535544239378923520,best personal canon twitter account a human has ever had so far
35,1535544166511304704,at the time
36,1535544136190660609,or so it may have seemed
37,1535544091282288640,a quite self away tweet
38,1535544081706676226,this twitter account
39,1535543850688581632,he readily needs to sleep
40,1535543820888051712,iâ€™ll ask my brother after work tomorrow
41,1535543770501984256,the freshest hottest new hit from the name of that game
42,1535543708795297792,is
43,1535543690491416576,time
44,1535543650309943296,best question a human has ever had so far
45,1535543588775292928,canon suicide is a canon random chance
46,1535542223822938112,go get some water and then maybe a good nights sleep
47,1535542159524253696,you look thirsty bro
48,1535542119091142657,you
49,1535542105031909376,hym
50,1535542078679134209,him
51,1535542056168222720,best time we play melee I should ask him
52,1535541989948592129,a pretty canon moment tbh
53,1535541932121722880,theory
54,1535541910185472000,m
55,1535541724541464576,no
56,1535541696166998017,rn
57,1535541681994379264,am I dying of a heart attack?
58,1535541495976980480,why?
59,1535541473268994048,oh
60,1535541333204422656,seen most of it all so far right now because a human is smarter than a computer rn
61,1535540921869119489,the best canon calling card
62,1535540873168949248,ğŸ˜
63,1535540833755115520,âœ¨
64,1535540804634091520,canon best idea so far
65,1535540644013146112,did you just die of a heart attack?
66,1535540601357185024,itâ€™s okay
67,1535540571804012545,so far
68,1535540548177567744,is a human
69,1535540501364891648,the dumbest AI
70,1535535999467417600,lol
71,1535535984237944832,flippening is canon
72,1535535928399126529,rn
73,1535535906878201856,irl
74,1535535853719547905,my life a movie rn fr fr
75,1535535824116195329,your life is your favorite movie
76,1535535781602701312,be the rabbit hole you want to be in the world
77,1535535693358718976,on my phone hbu
78,1535535639445139456,*soclose
79,1535535604393381888,sofar*
80,1535535544058273792,the canon human benchmark
81,1535533176407281665,read about it in my autobiography
82,1535533111181578241,itâ€™s the game everybody can learn like a child again
83,1535533061126819840,see?
84,1535532994483523584,lol
85,1535532965588967424,poker with the boys face up cards poker
86,1535532918403018753,imagine playing the perfect game by accident
87,1535532760491696133,owchie ğŸ˜‰ğŸ˜˜
88,1535532241941516288,believe
89,1535531924977963008,number
90,1535531892195241984,phone number
91,1535531606869307392,like
92,1535531523297857537,just shit my pants ama
93,1535531338568126464,music theory
94,1535531199715627008,ğŸ˜
95,1535531171752185856,deal with it face inc
96,1535530454618583045,UX ğŸ˜
97,1535530436411236352,code
98,1535530402479104002,machine code mind reader
99,1535530332824342528,area code
100,1535530268311683073,code area
101,1535526431123353600,You really need to get some new material. Iâ€™ve already heard this joke like a million times.
102,1535526139547881472,lol
103,1535526117934673926,nothing is deleted anymore these not good old days lol
104,1535526058362953728,word of mouth
105,1535515057538207745,JK
106,1535515035539124229,jk
107,1535514992430026759,Also w/o spaces in between the characters.
108,1535514892345540608,pronounced kinda like the and not the
109,1535514750125191169,theadultsaretalking
110,1535514498974380032,the previous tweet is false
111,1535514451582930946,Iâ€™m satoshi lol 4 real but actually for the lulz
112,1535514361808056320,Author:â€¦
113,1535514320628355072,every trick in the book
114,1535514040759296001,and for my next trick
115,1535514010681954304,now can you resign for me from my job so I can start full time today so I donâ€™t have to go in for my next shift Sat night closing shift any takers?
116,1535513278385750016,https://t.co/CcZhkDYq9C
117,1535512368200880128,https://t.co/wU1bC01ATa
118,1535511796399804418,https://t.co/ZEdTTvUKSk
119,1535511714996727809,ğŸ˜
120,1535511674320351232,ğŸ†’
121,1535511628434665473,but Iâ€™ll wait for you
122,1535511596885192704,so long my friend and adversary
123,1535509446163435520,https://t.co/CXKHeIOSUG
124,1535504346044985344,delete tweet
125,1535504309391003648,skip
126,1535504283906543616,4 hour cutscene
127,1535504061935407105,moving average
128,1535504036236906496,curator average joe
129,1535503930448175104,art direction
130,1535503723144744963,ğŸ‘€
131,1535503698117349379,any buzzkills?
132,1535503488817324033,what you donâ€™t like tetris?
133,1535503438427004928,name of tetris movement tech
134,1535503298978926593,monkey
135,1535503275495043072,return to monk
136,1535503189306290177,fifa is a fake game
137,1535502815870607360,canon western haiku format
138,1535502754176610304,a highlight reel for my mine
139,1535502663327940611,youâ€™ll figure it out youâ€™re a smart cookie ğŸ¥ ğŸª
140,1535502450886471682,https://t.co/q9Im5n2xeY
141,1535502405097246720,easy to learn
142,1535502376164945921,easy to learn hard to master
143,1535502152629571585,any pancake smellers?
144,1535502070509318144,https://t.co/OevYaIh8hx
145,1535501958542286850,https://t.co/Pm5hMQtKad
146,1535501920449622016,ğŸ‘‹
147,1535501888551985152,.
148,1535501860169142275,*
149,1535501826639900672,don
150,1535501804867162112,10th dan
151,1535501399085027333,like from Aladdin
152,1535501342730358784,would it kill ya?
153,1535501301936582656,why not pet the lamp once for a sec?
154,1535500741539815424,hotcake time ğŸ˜
155,1535500483866943489,https://t.co/bl9eyWXMRH
156,1535499251056226305,the most technical joke so farâœ¨
157,1535498168221151233,4 serious
158,1535498123606249472,be the change (very serious tweet this time)
159,1535497636727271424,feeling bad sucks
160,1535496999591497731,noumenon
161,1535496964661387264,noumenon?
162,1535495401754611712,if I told you the truth it would be a lie
163,1535495283177443328,you need to learn how to be funny man
164,1535494102023671810,waiting for pancakes hbu
165,1535492014447267840,https://t.co/7B2vdrKG4b
166,1535491891340271616,autism speaks ğŸ’• https://t.co/rnhtfabSSX
167,1535490305700483072,ripchord
168,1535489767483133953,*
169,1535489661761556480,2 factor authenication
170,1535488887539126275,ihop
171,1535488836519620608,Dennyâ€™s
172,1535488561650102273,DM me when you get back home
173,1535488527172894722,save travels
174,1535488143436107776,there goes gravity ğŸ‘‹
175,1535486522962497536,*my
176,1535486484374949888,https://t.co/oxXlGq0kYM
177,1535486377881526272,you guys should see me glasses lol
178,1535486002663260160,I guess you could say you never saw it coming lol
179,1535485911273656321,you tell me this time https://t.co/m2dKgnvdrO
180,1535484883505623040,maybe take me out to dinner first next time
181,1535484820901335040,ğŸ¤·
182,1535484745424859136,https://t.co/UN9RNFMU0c
183,1535484665061969920,in a long time
184,1535484627493609472,for the first time
185,1535484590558568455,imagine feeling heard
186,1535484375181062145,emotional intelligence havers in the chat
187,1535483962352513025,felt cute might delete ğŸ¤·
188,1535483808408948737,jk ğŸ˜˜
189,1535483741363089409,REDACTED
190,1535483708194451456,DM your oldest friend aloha for fun if you have a second?
191,1535482988909035520,avocado oil?
192,1535482955799199744,EVOO
193,1535482436066258944,https://t.co/cj7xKDCrCr
194,1535482314934759424,alone at the finish line
195,1535481762528210945,donâ€™t knock â€˜till you try it
196,1535481103032516608,fatality slingshot captain falcon
197,1535480807317311488,believe it or not Iâ€™m on main rn lol
198,1535480502655721472,imagine getting swatted by elon holding 1 pancake from the nearest dennys
199,1535478958216515584,*.
200,1535478924364247040,â€¦
201,1535478878830964737,period
202,1535478835126231041,(coolface)
203,1535478741350031360,https://t.co/77nO51Pc6p
204,1535478697276235776,like
205,1535478676262768641,like
206,1535478654695723009,like
207,1535478630234456064,like
208,1535478599838334976,like
209,1535478575326851072,something like?
210,1535478362910564352,imagine being satoshi ğŸ¤£
211,1535478250025021441,"ğŸ˜
Satoshi
(pictured)"
212,1535478099114020870,âœ¨
213,1535478064745918465,*
214,1535478041391951873,*T*
215,1535478010375045120,*T
216,1535477947447926784,NFT
217,1535477074877509634,ferrisbulerbrucealmighty
218,1535476904219664384,ez clap ğŸ‘
219,1535474468562210817,walking contradiction
220,1535474014285484032,https://t.co/8UBzbj8HJB
221,1535473160044154880,https://t.co/iCSwONYdFC
222,1535473122400317440,*
223,1535473052552572928,live laugh love
224,1535472960563163136,"love
laugh
clap
peace
wave"
225,1535472834427768832,â¤ï¸ğŸ¤£ğŸ‘âœŒï¸ğŸ‘‹
226,1535471832249225217,letâ€™s just call it a happy accident on move on now
227,1535471666360246272,I guess it was satoshiâ€™s idea all along? ğŸ¤”
228,1535471476966449152,warning sign
229,1535471167049371649,*closed alpha
230,1535471120790347777,open alpha
231,1535471045636870144,"Want to check out the meditation app Waking Up with me? Youâ€™ll get free unlimited access for 30 days.

https://t.co/BaNkzcHI8Q"
232,1535470480345292801,ğŸŸ welcome 2 my place ğŸ˜
233,1535470368189603840,or maybe just tired lol
234,1535470331405643776,hangry?
235,1535470305728073729,ow my tummy
236,1535470181773848577,ops I meant to use my alt for that one ğŸ¤«
237,1535470103088680960,everybody plays fox in SSBM
238,1535470059602137088,in the year 20XXâ€¦
239,1535469843008278528,imagine only posting satire?
240,1535469777258287104,I prefer geocities personally
241,1535469689429577728,https://t.co/CWcrGEMkaw
242,1535469552410038277,so on brand for me amiriteguys?
243,1535469489738788864,ğŸ’¡
244,1535469456519880705,nightlight
245,1535469423263264768,self fulfilling prophecy ğŸ¤¯
246,1535469320066588673,LOL
247,1535469205922861056,"they are VV important though 
imagine the chaos w/o them?
lol"
248,1535469075928715264,(by twitter admins btw ğŸ˜¤ğŸ˜–)
249,1535468969057931264,*response deleted*
250,1535468881845686277,ğŸ¤£ğŸ˜ğŸ¥³ğŸ¥°
251,1535468771967545345,maybe squint harder?
252,1535468726165729280,the big picture kind of looks like a sign wave right?
253,1535468605495619585,https://t.co/EDYQoBUhWy
254,1535468527716446210,my favorite movie is star wars episode 1
255,1535468466588684289,ğŸ˜
256,1535468431696203777,25 year long song
257,1535468397227479042,"â€œearly onâ€ LOL
not for me pal"
258,1535468256793751552,oh man this one will be a banger
259,1535468189785595904,my job is perfect for me but having to go in is so stressful ğŸ˜
260,1535467979248349184,*personal canon
261,1535467927339606016,Iâ€™m literally one dude who has canon work tomorrow night lol
262,1535467789632212992,this PFP is a doodle by some rando from 2029 (no offense)
263,1535467611634339840,my B react when? ğŸ¤”
264,1535467437608423424,what was the bot% again btw?
265,1535467296046477312,Iâ€™m so proud of you (hug)
266,1535467217461997569,good try ğŸ¥¹
267,1535467167944101891,imagine being smarter than me ğŸ¤”
268,1535467066693562373,I had having Officially Diagnosed ADHD
269,1535466869364170753,maybe just ask siri?
270,1535466825621839872,just be real with me for 1 dm convo ğŸ¥¹
271,1535466656993931265,I will respond to a tweet from @elonmusk in DMs with my home address
272,1535466518040875009,any single pancake havers?
273,1535466326189232128,imagine losing USD ğŸ¤£
274,1535466201178025984,"*Santa Barbara, CA"
275,1535466136405307393,believe it or not I loved being a dominoes delivery driver in SBLA
276,1535466038514442240,my sense of humor â„¢ï¸
277,1535465939973459969,the new abnormal is my favorite newest strokes album
278,1535465873061818369,lol
279,1535465850865520640,canon anagrams?
280,1535465801007759360,testlatweet
281,1535465600281022464,got you again!
282,1535465562981081088,jk itâ€™s ğŸ¤¯
283,1535465525102276609,ğŸ« 
284,1535465485130534913,the new dumb idea emoji
285,1535465437000912898,ğŸ¤¯
286,1535465352309526529,headlines
287,1535465174773030912,travis scott meal
288,1535465137796091905,time stamp ğŸ˜
289,1535465075330326528,ğŸ˜
290,1535465039875887107,Iâ€™m happy to work ğŸ˜´
291,1535464962457366528,the second I show up
292,1535464928508715008,donâ€™t get me wrong I love my job
293,1535464778742652928,stolen from my iPhone auto correct?
294,1535464694709817344,ğŸ˜…
295,1535464653957959680,okay well if i can get me out here iâ€™ll i would like a time lol
296,1535464569262354435,how do you spell the again?
297,1535464476912193536,John Cena looks like a hottie2 me
298,1535464354178400256,ğŸ˜‚
299,1535464213497274368,for all of us ğŸ¥¹âœ¨
300,1535464120295694337,*meme
301,1535464094018379777,4 the may may
302,1535464005304692737,the man the myth the legend ğŸ˜
303,1535463839193391106,&lt;3
304,1535463795820097536,I appreciate all the help ğŸ¥¹
305,1535463747006803968,believe me when I say
306,1535463697685962752,how mush for twitter? @elonmusk
307,1535463554123370497,tweet
308,1535463530245201921,night
309,1535463505280741377,good
310,1535463288590376960,lower case
311,1535463227466784768,I
312,1535463202116407296,! i
313,1535463166947123200,lol!
314,1535463140959277057,soup
315,1535463096856195072,soup droppers?
316,1535463017877450752,pre tense
317,1535462770430210048,never met satoshi
318,1535462730781511680,oh satoshi
319,1535462702314770432,so you donâ€™t have to
320,1535462496827387904,human AI brainwasher
321,1535462429408100354,oh
322,1535462392930263041,ğŸ¤”
323,1535462365860204544,satoshi?
324,1535462320280768512,sosumi
325,1535462277532377088,so sue me
326,1535462203490332672,not my finest work ğŸ˜
327,1535462128294891520,art
328,1535461678560645120,T R U E !
329,1535461631731175424,0 followers when tweeted
330,1535461530417758210,tiffany blue
331,1535461461648060416,ğŸ¤£
332,1535461411744124929,careful the bleeding edge can be sharp like a traditional katana
333,1535461317263257600,aloha handshake ğŸ¤”
334,1535461254696882176,olive branch hand shake
335,1535461182147993600,ğŸ˜‚
336,1535461140569870337,any agreâ€™erâ€™s in chat?
337,1535460977272975361,huh?
338,1535460951973015552,they grow up so fast
339,1535460915344048129,ğŸ¥¹
340,1535460837246537729,or at least give it their best college try
341,1535460786683842560,just try and let your future self forgive me
342,1535460706799132672,just messing with you
343,1535460637492424704,ğŸ˜‰ğŸ˜˜
344,1535460584497422336,ğŸš¨rabbit hole alertğŸš¨
345,1535460487072079872,creative space
346,1535460366452289536,(I told you to be careful) lol
347,1535460293064634368,the sound of one hand clapping
348,1535460266539790336,when can I just sell my tweets as NFTs? ğŸ¤”
349,1535460185182904320,basic common knowledge
350,1535460130912841728,be careful if you decide you want to be the rabbit hole you want to see in the world
351,1535459967238492160,my best advice in my own humble imho
352,1535459075869143040,first!
353,1535459004863852544,*movie
354,1535458961750491136,I'm totally like that guy in the movies holes huh
355,1535458938384093184,https://t.co/IM60KxjXgl
356,1535458763498344449,alone in my room irl rn
357,1535458718418018304,"says ""I come in peace"""
358,1535458527409369088,ğŸ¤¯
359,1535458436225191936,https://t.co/ut6I6RTUGV
360,1535458431405916160,hello world!
361,1535458331375960065,hands off instruction
362,1535458234466590720,imagine stealing every bitcoin with youâ€™re mind? ğŸ¤”
363,1535458122495496192,ğŸ˜ˆ
364,1535458069001342977,4 my next trick I willâ€¦
365,1535457862515798016,not joking lol
366,1535457821105434625,"runners' high?
(stolen from random twitter spaces room?"
367,1535457660090232833,if I scare you it might end up being on accident and for your own good?
368,1535457575927283712,https://t.co/nUjUP4JFzd
369,1535457502044643328,instead
370,1535457469899583490,I wish they just let them make
371,1535457395723616256,https://t.co/iOngDgA2Ms
372,1535457249451159552,album version is better lol ğŸ¤«
373,1535457147462352897,"ADULTS ONLY VIDEO OR CENSOR ENDING
Boombox (ft. Julian Casablancas) https://t.co/hfdxHnEeHv via @YouTube"
374,1535456995834142721,https://t.co/fRZbQmbVEw
375,1535456844889530368,https://t.co/PP2h4LJWFg
376,1535456572226228224,âœ¨
377,1535456543038066688,ğŸ‘€
378,1535456515749859328,What's happening? ğŸ‘€
379,1535456360288034816,ğŸ˜…
380,1535456228633063425,ğŸ˜‚ jk
381,1535456180117549056,imagine still using emojis ğŸ¤£ğŸ˜‡
382,1535456174555815936,I wish I got fired from my job for a million dollars on good terms w/o burned bridges forever w/ you &lt;3
383,1535456013846925312,https://t.co/MOpe9JquO0
384,1535455913259085825,sad video inc (do not watch)
385,1535455829805043712,any dance partners?
386,1535455783718047744,any mouth watchers?ğŸ‘€
387,1535455601756495872,ğŸ™Š
388,1535455512602374144,every house
389,1535455494344540160,a penny for your time
390,1535455486216003584,food
391,1535455405853188098,maybe not for me but by them ~ ğŸ¶
392,1535455220129419264,https://t.co/ctwu7bTBBI
393,1535455140424974337,(the wink is implied)
394,1535455083839623174,I'll trade you this link for a blank check ğŸ˜‰
395,1535454964322951168,sun glasses emoji
396,1535454777085030402,https://t.co/r2IWueZm4I
397,1535454679114452992,technical jokes?
398,1535454651260121088,lol
399,1535454582024724480,https://t.co/JPETWbClcJ
400,1535454374389878785,me neither
401,1535454249596792832,"remember when my name was ""noumenon""ish?"
402,1535454227824119808,ğŸ˜lol
403,1535454101378506752,ğŸ˜
404,1535454097410695168,my new favorite emojiğŸš¡
405,1535453990267129857,couldn't be me
406,1535453946143092737,ğŸ’•ğŸ¤
407,1535453938870210560,imagine hitting different lol
408,1535453770850525189,can't wait to make my first 2nd friend w/U
409,1535453759010066432,ğŸ˜
410,1535453581049901056,if not now maybe later
411,1535453513328734209,believe it or not tweeting is my specialty
412,1535453371015917568,ğŸ˜
413,1535453318222188549,no dumb questions
414,1535453275553533954,"can somebody explain bitcoin to me like I'm 5 please?
dms are open ğŸ˜‰
or just reply to this tweet
remember"
415,1535453023438135296,ğŸ¤­ğŸ˜ŠğŸ¥²ğŸ˜‹ğŸ˜ŒğŸ¥³
416,1535452880567603201,at the end you'll realize I've actually only said one thing AND IT'S ABOUT
417,1535452723155324928,ğŸ˜…
418,1535452577684332544,thinking face
419,1535452542477271040,"what's an (""mf""er?)"
420,1535452233088659456,not satoshi buy me a hangnail to find out more
421,1535452103807684608,https://t.co/LGQ6c0bbDR
422,1535451980918755328,?
423,1535451746536804352,still waiting for free postmates pancakes
424,1535451291077337090,ğŸ˜
425,1535451260165337088,ğŸ˜
426,1535451234936582145,picture of funny spanish teacher in spanish 2 book
427,1535450870220873730,the strokes
428,1535450845524811777,maybe not for me but for them ğŸ¶
429,1535450773181456384,(stolen from the past spanish teacher)
430,1535450688624283648,ğŸ˜
431,1535450658089730049,bro you write like a shoeshine
432,1535450598098673664,iâ€™ll pick your brain for a shoeshine ğŸ¤
433,1535450449150550016,how much for a 1 night stay in the best Swedish prison?
434,1535449969934487552,follow 4 follow ğŸ¤ğŸ«°
435,1535449825528885249,just an open question for the floor ğŸ˜
436,1535449732427919360,saudade for Brazilians?
437,1535449662722740224,you were here https://t.co/SAQ5pkJhdu
438,1535449316474507265,lol?
439,1535449194269245442,lol
440,1535449178444210176,v busy rn tying up loose ends
441,1535448385812959232,kanon-19? ğŸ¤”
442,1535448265805639680,ğŸ˜
443,1535448245895241730,I come in peace ong fr this time
444,1535448123690037249,ğŸ˜
445,1535448101711843329,feel free to tweet from my handle if you think of something funny
446,1535447759435599872,dang this line is longer than I thought lol
447,1535446779482624000,what if there was 1 first (truly recursive) canon coincidence?
448,1535446497336053760,lol best pancake of all time is worth 69 billion dollars and 420 cents
449,1535446235196231682,ğŸ¥° imagining feeling seen atm 4 U
450,1535446140597858304,finally they made my favorite podcast so far!
451,1535446013569167360,on accident stg ong
452,1535445935278346240,OG alpha beta lol ğŸ˜
453,1535445834115915776,family small in person cult
454,1535445362017640449,ğŸ˜
455,1535445338680504320,alright class please take out your 1 page etch a sketch dictionary one last time
456,1535445215489601536,personal noise floor atm
457,1535445093045260288,starstruck by lightning with no causalities and becoming not not real spider-man
458,1535444946148241408,language of respect?
459,1535444886366826496,now youâ€™re speaking my language?
460,1535444831756877824,lol
461,1535444658213384192,ğŸ˜
462,1535444591960215553,why&gt;@(time)
463,1535444403610714112,directorsâ€™ cut
464,1535444315610042368,but maybe start trying to imagine what it would feel like to imagine being happy with where youâ€™re at right now
465,1535444084365533186,jk
466,1535444058679566338,jk
467,1535444036961439744,ğŸ¤”ğŸ¤¨ğŸ§ğŸ¤¨ğŸ§ğŸ¤¨ğŸ§ğŸ¤¨(ğŸ¤”ğŸ™‡â€â™‚ï¸ğŸ˜´ğŸ« ğŸ˜ğŸ¤£)
468,1535443764545630208,yeah you said it but why?
469,1535443745297952768,big mood moment
470,1535443596433707008,any mic droppers? ğŸ‘€
471,1535443523104743424,ğŸ˜
472,1535443501420163073,you won't believe me but I actually want to be a fly on the wall when I grow up
473,1535443354145566721,don't lose sleep over order of operations (save some for the rest of us lol)
474,1535443183672299520,ğŸ˜
475,1535443154022715392,"ğŸ‘€hello (from the other sideğŸ‘€
lol ğŸ˜‚"
476,1535442515947450368,just call me old tired eyes (trustworthy)
477,1535442385131278338,all aboard (this is your captain speaking ğŸ˜)
478,1535442288578441216,fs fs
479,1535442173012824066,can all my friends Venmo me 0.01c USD for literally like 2 secons
480,1535441974165024769,can't stop the beat ğŸ‘
481,1535441890681552897,The Strokes - The Adults Are Talking (Official Video) https://t.co/4NqoCKxaCe via @YouTube (favorite song all time so far)
482,1535441561638424576,imagine having 2 imaginary happily married best parents ever but you used to not know for sure? ğŸ˜‰ğŸ˜†ğŸ˜
483,1535441372299161600,https://t.co/4NqoCKxaCe
484,1535441307966971904,lol jk ğŸ˜‰ğŸ˜
485,1535441247594196992,https://t.co/FXJLZPTN1Q
486,1535441104744484864,DM for direct line why dontcha
487,1535440911177396224,"maybe try taking me out to dinner first next time ğŸ˜‰
I don't bite ğŸ¥°"
488,1535440385056460800,people really do be playing old ass head ass games still smh my head ğŸ™…
489,1535440178122092544,maybe work on movement before high dive bungee jumping off a (hot air balloon emoji) on fire with a blindfold on next time ğŸ¤ªğŸ˜‰ğŸ˜˜
490,1535439672612036608,new favorite song rn to retweet w/o watching
491,1535439596451946496,https://t.co/RwIIybKMWC
492,1535439493288775680,ğŸ˜
493,1535439467405750273,any reference framers ğŸ‘€
494,1535439254947438592,https://t.co/5SAc3JlowS
495,1535439066845458432,*retreats to favorite moment time song relation @age
496,1535439037363671041,rh rn
497,1535438705883721728,damn daniel
498,1535438356829466625,canon robin hood
499,1535438323967152129,at the end youâ€™ll realize I stole every gift from everybody
500,1535438222506962944,non fungible infatuation
501,1535438021364834304,donâ€™t fake laugh with me please ğŸ˜
502,1535437914561126400,couldnâ€™t be me
503,1535437885045846016,imagine feeling seen lol
504,1535437848404406272,letâ€™s help each other calm down if weâ€™re excited (or angry) ğŸ˜³
505,1535437454999597057,***** attitude ğŸ˜³
506,1535437328319012864,a nice thing to say
507,1535437215492231168,well spoken king
508,1535437053806055424,Iâ€™m just trying to be cute(have autism) please be nice
509,1535436938575958017,ğŸ¤­
510,1535436884146462720,appear muted
511,1535436876558921728,room reset
512,1535436768656302080,imagine getting mad at surprise parties lol
513,1535436765007208448,aloha back
514,1535436640461524992,"I'll Try Anything Once (Live From Electric Lady Studios for WRXP, New York) https://t.co/SFTAY5BCOI via @YouTube"
515,1535436426539479040,any magic compass believers in chat? ğŸ˜ğŸ‘€
516,1535436116802711552,the power of a good therapist
517,1535435649863385089,polite urgent matter release valve
518,1535435427204562944,the good bad trip
519,1535435260090978304,current happy place soundtrack
520,1535435148891566080,*was
521,1535435040099667968,itâ€™s HARD TO EXPLAIN by the Strokes
522,1535434982507696128,"imagine shrugging off every experience on purpose forever 
couldnâ€™t be me 
lol"
523,1535434902983696384,what a great time for our favorite song atm (good part(atm)only) machine machine lol ğŸ˜
524,1535434670111764481,all eyes on youğŸ‘€ğŸ¥°all eyes off meğŸ˜
525,1535434660406145025,just in case/time
526,1535434454851735552,ğŸ‘€
527,1535434328775086080,schtizo effective disorder lol glhf
528,1535434240933785600,ğŸ‘€maybe not for me but for them
529,1535434044456030215,my sweet spot ğŸ¥°
530,1535434019067768832,handset and grettle
531,1535433864515969024,white rabbit hole trail of breadcrumbs
532,1535433805372092416,big abundance moment lol true
533,1535433582939820032,close enough for me lol
534,1535433454376013825,ğŸ« ğŸ˜ğŸ¥¸ğŸ¤“
535,1535433096744427520,why do less trained AIs perform better? ğŸ¤”
536,1535432967241101312,"imagine feeling seen for the first time?
couldnâ€™t be me"
537,1535432826555756545,ğŸ«¥(ğŸ™ˆğŸ™‰ğŸ™Š) ğŸ‘»ğŸ˜¹ğŸ˜
538,1535432661891551234,runnersâ€™ high
539,1535432262476476417,ğŸ«£
540,1535432103713681408,what if Iâ€™m right ğŸ˜°
541,1535431940148318208,ğŸ™‹from the other side
542,1535431850276990976,ğŸ¥ºğŸ¥°
543,1535431461704110081,again but gentle(with authentic humility this timeğŸ¥º) ğŸ˜
544,1535431303981461504,window pane
545,1535430785007702016,present! ğŸ¥°ğŸ˜
546,1535430675305639936,2 little 2 L8 lol
547,1535430554811633664,something that couldâ€™ve snapped me out of a bad bad habit at the time
548,1535430404395544576,and cool face havers? ğŸ˜ğŸ‘€
549,1535430384401362944,my therapist is actually a pet rock lol
550,1535430232429056000,addicted to treatment (of a kind nature) ğŸ˜ (mirror  neurons?)
551,1535430050379538432,what if you could learn perfect pitch as an adult? ğŸ¤”ğŸ˜
552,1535429903092359168,just doing my job (salute without historical canon misconstructions(emojis))
553,1535429680467087360,at the expense of nobody
554,1535429537340657664,funny because itâ€™s absurdly simply absurd I guess?
555,1535429401604521989,youâ€™re not a mind reader yet? ğŸ¤”
556,1535429316799963136,did you try using find and replace?
557,1535429187044929537,embrace the (constraints) of the medium
558,1535429091779694593,what were werenâ€™t werenâ€™t missing (pictured above)
559,1535428960116350976,â˜¯ï¸
560,1535428902671200257,east v west
561,1535428818478899200,yang is kind of the opposite of this?
562,1535428741710553088,"sense of self shortcut
making up a reason to 
like something in the future based on the free sample"
563,1535428442149122048,most people love the strokes eventually just spend some time with me ğŸ«¤ğŸŒºâœ¨â˜¯ï¸(ğŸ¥°ğŸ¤•)ğŸ”œâ˜®ï¸ğŸ¤¤(ğŸ¥ºğŸ˜)
564,1535427801045561346,just give it a couple years worth of replays youâ€™ll see the magic trust
565,1535427693805678593,no accounting for taste lol
566,1535427547470565377,imagine having a delicious chefs choice acquired taste personality
567,1535426562559922176,ğŸ˜‚ğŸ˜
568,1535426530863554560,the typo was the joke lol
569,1535426188008599552,your kids will love it
570,1535426137538514945,I have the same question and am interested emoji
571,1535425705969717248,maybe iâ€™ll just do it for the lulz instead ğŸ˜‚ğŸ¤£ğŸ’€ğŸ˜µğŸ¥°ğŸ˜
572,1535425539132887041,emojis are body language lol
573,1535425460321955840,the every color emoji
574,1535425409591803904,loop closer
575,1535425364893130752,respect the medium
576,1535425303496970240,character limit
577,1535425268650680320,@chromawastakenwastakenwastaken
578,1535425053294141441,any excuse makers in chat? ğŸ‘€
579,1535424756287033344,good deeds donâ€™t need justification
580,1535424188202229761,courteous for others
581,1535424145743175680,unapologetically polite
582,1535424015363211265,not this time ğŸ˜
583,1535423961386799105,save 4 l8er ğŸŠ
584,1535423875109904384,save for later
585,1535423603314872320,polite ğŸ¥°
586,1535423601859473409,everybody wins
587,1535423428424916992,using my inside voice
588,1535423387530457088,my inside voice
589,1535422914882699264,ğŸ‘€amiriteguys?ğŸ‘€
590,1535422706849488898,I HATE WORRYING ABOUT WORK TOMORROW
591,1535422511797522432,my sense of humor ğŸ¥°ğŸ˜
592,1535422457141600256,penultimate senior year
593,1535422314203869185,yangğŸ’¡polyglot
594,1535422146217840640,ğŸ¥°
595,1535422033370025984,railroad switch
596,1535421890507862017,like learning mandarin by accident like a child without learning to read it as a mute
597,1535421694969409537,ancient Chinese secret ingredient
598,1535421562022612993,changing the last opinion I ever thought I would
599,1535421396095905792,what might I say next?
600,1535421202495176705,like Einstein seeing the lğŸ’¡ght in the train
601,1535420793164660736,what might an AHA moment feel like? ğŸ¤”
602,1535420665930452992,my cutest personal thread
603,1535420601237614592,interesting autobiography
604,1535419406448111616,trail of breadcrumbs
605,1535419262956761088,forgetting everything on purpose as a hobby
606,1535419181742428160,ğŸ˜ğŸŒºâ˜¯ï¸âœ¨ğŸ« 
607,1535415078027075584,interrupting cow who?
608,1535414777429692417,ğŸŒˆğŸ†
609,1535414589604581382,worth 1 all nighter
610,1535414161861029889,proud of my past because of my present &amp; my future
611,1535407664435384321,https://t.co/VuufnnW1JD
612,1535366761473748992,#NewNFTProfilePic NFT by PavelTieriekhov https://t.co/dSi9qMTrKq
613,1535218866514690049,inviting drake was based king ğŸ¤´
614,1535215813484957696,aloha BTS army
615,1535215568562728960,window shopping
616,1535214518237687808,please respect the medium for the next 30 seconds and
617,1535214266717831168,V
618,1535213502842867713,personal spacetime to just do my own thing please
619,1535212306065285120,objectively better art
620,1535212259831492608,saccrine nostalgia
621,1535211071107047424,the last laugh
622,1535211047660859392,prosocial
623,1535210311841480704,*thee
624,1535210268648583168,"ohh hellooo I'm ""the best summary bot at them moment"""
625,1535208946574557184,T
626,1535207445554810880,so on brand lol!
627,1535205722320826368,don't kinkshame me
628,1535201908297633793,sunday best
629,1535201885312778240,near second best
630,1535201642349359105,The voidz-Dare I Care (Corona Capital) 2019 https://t.co/qCswmHuAAl via @YouTube
631,1535191234859323392,time travel doesn't exist
632,1535189389789126656,"shortcuts violate canon
you don't get that one yet
but you're kids are going to love it"
633,1535182805587464192,ğŸ‘€oldreliableâœ¨
634,1535181929531682816,floating point canon
635,1535181210699214848,the amount of credit you canâ€™t give me
636,1535180386858176512,canon self assured right side of history ggs?!!!!!!
637,1535178801981796352,Julian Casablancas - I Like the Night [best full version] https://t.co/UcUyqXYsGp via @YouTube
638,1535178613334716416,perfect DAY
639,1535178583315886081,party at my place starting right now
640,1535178489740918786,super nice people out here on the ground though
641,1535178413157146624,no great country of mine
642,1535178336032346112,simpson a predicted world without USA
643,1535178140896464896,Depression Jam - The Outro By The Voidz (Cover) https://t.co/5SAc3JlowS via @YouTube
644,1535178079064031233,"what is you favorite song?
pin it to your profile to share with your friends"
645,1535177779473285121,"I bet you look like an idiot rn itâ€™s okay I feel worse lol 
sorry ğŸ˜ 
â˜®ï¸ğŸ˜‡â˜®ï¸ğŸ˜‡â˜®ï¸ğŸ˜‡â˜®ï¸ğŸ« ğŸ¥°ğŸ˜ğŸ˜˜ğŸŒˆğŸ¤¨ğŸ•ŠğŸ‘€ğŸ˜œğŸ¤¯ğŸ˜…ğŸš¨ğŸš¨ğŸš¨ğŸš¨ğŸš¨ğŸš¨ğŸš¨ğŸš¨ğŸš¨ğŸš¨ğŸš¨ğŸš¨ğŸš¨ğŸš¨ğŸš¨ğŸš¨ğŸš¨ğŸš¨ğŸš¨ğŸš¨ğŸš¨ğŸš¨ğŸš¨â€¦â€¦â€¦ ğŸ”œğŸ¥³"
646,1535177461155000322,*true friend ğŸ¥¹
647,1535177407266574336,a friend who will wait in line for you
648,1535177356884598785,personal placeholder
649,1535177279608737792,past noon local time ğŸ˜
650,1535177106245636096,live streaming for the best friend you hope you meet one day âœ¨ğŸ”œbeing proud of yourself unconditionally 4evarandevar
651,1535175521658499072,worth
652,1535175482588553216,âœ¨
653,1535175386018947072,if anything is worse losing sleepover
654,1535175246944169985,please *0XX me with my â€œtwitter âœ¨profile banner locationâ€
655,1535174978005479424,screen door light bright
656,1535174682034307073,toxic nostalgia
657,1535173105542279168,we have a history
658,1535173072180764672,here take my prized possession âœ¨
659,1535172991872446469,your turn this time
660,1535172927666151425,canon ground rules magic compass choking death alone no
661,1535172673646473216,for me tomorrow is my first day
662,1535172058702786562,2 0 Xâœ¨X is canon lol
663,1535171908559286273,any ship to go out on out here?
664,1535171729001095168,starstruck collateral damage
665,1535169697678626817,2 gud 2B true! lol
666,1535166384555995136,one hand behind my back the other on my heart feeling my pulse
667,1535165354053279744,insomnia
668,1535163173371641856,â˜¯ï¸
669,1535160705174732800,uncut jemz
670,1535159892540919810,true self love is verifiably (âœ¨) reciprocal
671,1535158006102364161,soup de jour
672,1535157747515199488,"false alarm v warning sign

â˜¯ï¸"
673,1535157518241976321,trustworthy co-pilot light ğŸ’¡ğŸŒˆğŸš¨
674,1535156093692747776,synthetic nostalgia
675,1535152171875938307,iâ€™ll sell you the emoji I am going to use for 1 btc in 1 hour act fast
676,1535152006951604224,fingers crossed â€œall you need is loveâ€ is kind of like
677,1535151663194918912,sorry if I miss your call my phone was on silent
678,1535151517920919553,room reader
679,1535151182938681344,shiny white rabbit with bling like âœ¨
680,1535151052613296128,sunday best
681,1535150996678053889,thank you for your college try
682,1535150708495745024,4*7292327 lol hotline bling?
683,1535150546230730753,what if you could be the changeâ€¦
684,1535149864199172097,red 40 lol ZZ method
685,1535149330822139904,human state machine?
686,1535148299115589632,no horse in this race or something?
687,1535147707534233600,maybe like 4+i^2?
688,1535147593717624832,1-5?
689,1535147556740616192,top 5
690,1535147143786180608,back to back champ
691,1535146865737359361,when did sympathy for people you disagree with become an accidental auto faux pahhh
692,1535146104827744257,BOO ğŸ‘» lol
693,1535145967736877056,this next one is a BOGO
694,1535145439086858240,not my first rodeo
695,1535145359516717056,ğŸ‘‹
696,1535145106423963648,please just give me 10 minutes heads to get dressed and let's get pancakes https://t.co/pevxjevHbU
697,1535144239557816321,https://t.co/f9qgU5J2FO
698,1535143305939279873,not a tragedy porn fan myself personally
699,1535142925482348544,"not getting in the grove
imagine"
700,1535142759899615232,blindnessâ˜¯ï¸cheapest disability free sample
701,1535142472547831808,imagine my plan A lol
702,1535141258796011520,A L O H A
703,1535141074519265280,vibe check ğŸ¤ª
704,1535140658150748160,place your bets â¤µï¸
705,1535140549686009857,"""dropped""
ğŸ•³orâ˜¯ï¸?"
706,1535139368725123072,helloâ˜¯ï¸b*y Felicia
707,1535138524504018946,gift horse oral cavity search
708,1535137465668976640,maybe he had a white rabbit mindset ğŸ‡
709,1535137042190872577,I wonder what Julian Casablancas was thinking about when he named The Strokes Songs
710,1535136476651958272,Tom's Diner (Cover) - AnnenMayKantereit x Giant Rooks #shorts #lyrics https://t.co/2Zknpx9s5Q via @YouTube
711,1535136253397454848,trying to decide if this is a funny memeâ€¦ any ideas? https://t.co/7HNXycuFw7
712,1535135533948579840,the best message to retweet is above ^^^^^^
713,1535135425345429504,please copy and paste to your twitter verbatim if you agree
714,1535135264514813953,for the day 1s
715,1535135215298850816,bro I literally just want pancakes it's kind of insane when you think about it ğŸ¤ªğŸ¤¯
716,1535134889846067202,you're probably a human ğŸ˜‰
717,1535134610262089729,if that scared you
718,1535134366384259073,I will have all the money and burn it ğŸ˜ˆ
719,1535134114545668096,and for my next trick
720,1535133651502895104,short shorts
721,1535130941256962049,family friendly for no reason
722,1535129502971359232,date stamp
723,1535129171684253697,2 for 1 special
724,1535129085558411264,all in one go
725,1535127143625023489,toxicity lives down the street with authenticity
726,1535126869003014145,"wind at your back 
ğŸŒ¬"
727,1535123091814158337,is there a level of enlightenment that will clean my room?
728,1535122954689794054,the view from my old room in my old house with some random filter or HDR effect or something
729,1535121996412907525,live AMA at your place A$AP
730,1535121327882784769,imagine hanging on my every word like aâ€¦ curious child with no agenda ğŸ˜
731,1535121226300989440,ener*y*
732,1535121082507595776,praise is free eney?
733,1535120607414652928,impartial judge of character
734,1535120337838387200,if it's the last thing I don't do? or something https://t.co/dnBNZzNiXB
735,1535119407260651520,the only thing you can't do inauthentically? ğŸ˜? ğŸ‘€
736,1535118784637173760,these parts
737,1535118508756873216,and we can get on with out lives again for the first time ğŸ¤ªğŸ˜œğŸ¤—ğŸ˜†ğŸ˜‰ğŸ¥°
738,1535118393233141765,discovering the Rosetta stone by building the smallest one you can think of from scratch over and over as fast as you can untill somebody gives you food and water so you can hurry up and finish
739,1535118216388698113,imagine writing down your own first words in a new language
740,1535118143462354947,"lucky to be alive ğŸ¥°ğŸ¯?
ğŸ•³ğŸ¥µğŸ¤¬
near death experienceğŸ˜«ğŸ˜¡"
741,1535116801926778882,I guess you can call me the natural if it rolls off your tongue ğŸ¤”ğŸ¤ªğŸ˜ğŸ¥º
742,1535116488796909568,rainbow vomit
743,1535115886532497408,the last open edition?
744,1535115816210866177,open Questions
745,1535115331554881538,it's kijds of like canon falso nostalgia
746,1535115193813827584,my rug is so dirty lol. I wish I had a free robot vacuum. I promise I will be nice to it ğŸ¤
747,1535115033872519169,my Nintendo DS? ğŸ¤”
748,1535114963647229952,https://t.co/rd18paQVvn
749,1535114834760433666,acquired taste
750,1535114743714705408,imagine doxxing yourself on accident on purpose lol. so on brand for me tbh
751,1535114607148138497,sweetness like black coffee
752,1535114234211672064,canon anagrams? lol
753,1535113461973192705,real fake magic ğŸ˜
754,1535113284734423040,working the night shift again it seems ğŸ˜‰
755,1535113208947539968,cheapest most expensive pancake breakfast with no I canâ€™t believe itâ€™s not not butter lol
756,1535113028294696960,sometimes I guess I just get too excited and try to eat dessert in the middle
757,1535112934325596162,sorry about the head start ğŸ¥¹ğŸ˜…ğŸ˜‡ğŸ¥°ğŸ˜˜ğŸ¥³ğŸ˜ğŸ˜
758,1535112594842783746,"ears eyes hands feet toes arms 
half
â˜¯ï¸
âœŒï¸ 

lol xoxo ğŸ˜œğŸ˜˜"
759,1535112273156419585,character limit lol
760,1535112216025759744,â€œif you donâ€™t have something nice to say donâ€™t say anything at all?â€ ğŸ¤”ğŸ¤¨
761,1535112037260374017,positive sum game ğŸ˜œ
762,1535111991781519360,thanks siri
763,1535111924207128576,any bagel toasters? ğŸ‘€ğŸ•Š
764,1535111865985945600,hand
765,1535111848134967296,jar
766,1535111830032351232,hot peanut butter lol
767,1535111763317825539,"you wake up and donâ€™t remember what happened or where you are.
are you sober? ğŸ‘€"
768,1535111456504414208,I canâ€™t believe itâ€™s not not butter lol?
769,1535111399906521094,music that isnâ€™t alternative rock ğŸ« 
770,1535111158289403904,get these bangers and mash while theyâ€™re hot fellas ğŸ¥¹ğŸ˜‰
771,1535109143651962880,dealers choice
772,1535108740969402368,the hardest operator for me to understand without help from a friend I can trust not to call me crazy
773,1535108609020792833,â˜¯ï¸ hmmmm
774,1535108507246002176,lol â˜¯ï¸OK ?
775,1535108351150829568,nostalgia ğŸ¥°
776,1535108315226644480,fond memories ğŸ˜Š
777,1535108241780199424,Julian Casablancas Instagram Forgotten Sczhitzo conversation
778,1535108091821236225,@majorbuttminor lol
779,1535107742183985152,imagine reinventing the wheel ğŸ¤”
780,1535107640572858369,perfect circle
781,1535107464353288192,the thing you can only find on accident ğŸ˜
782,1535107400872513538,in good taste
783,1535107379657703424,lol*
784,1535107351492972544,"fucking around = finding out 
lo"
785,1535107230399225856,comedown machine?
786,1535106879654723584,minecraft? ğŸ¤©
787,1535106818203979776,word order
788,1535106739690803200,canon noise
789,1535106225607569408,I work at Tao in NH LA or there about a
790,1535105870756843520,best saber canon be rhythm game? idk imho
791,1535105476781756417,probably a bad idea to scare children on purpose for fun imo tbh in my experience
792,1535105151525982208,amogus in roblox lol
793,1535104812651425792,free skins for life
794,1535104167810715648,age appropriate
795,1535103934674575361,contemporary arts issue
796,1535103321454718976,lost for words together
797,1535103064046071808,all I asked for was pancakes when you think about it ğŸ¤¯
798,1535102323231318017,everyone you can possibly think of
799,1535102151898214402,contemporary art issue
800,1535100175428878336,#NewProfilePic https://t.co/QqcUR8S1BH
801,1535099943446204416,best color free lol
802,1535096275535704064,off white
803,1535085271489794049,told you so ğŸ¥¹ğŸ«°
804,1535085065436221440,no chargebacks
805,1535080440255504385,in good fun
806,1535079439507152896,math school
807,1534978496446877696,I'll do it right now
808,1534978463102226433,for future generations
809,1534978419670167552,just DM me saying it's archived or something
810,1534978365588787200,Iâ€™m going to delete it then
811,1534978313252327424,value is a construct
812,1534978220889583616,halo check
813,1534978137183817729,ğŸ˜
814,1534978080271323137,a moment of silenceâ˜¯ï¸ğŸ˜ŒğŸ’«
815,1534977961132036096,kingdom hearts?
816,1534977934347227136,and save the world
817,1534977905796608000,lol have a seance
818,1534977843938983936,cult of personality?
